title,image_url,price
adidas Men's Mana Bounce 2 M Aramis  Running Shoes,"https://images-eu.ssl-images-amazon.com/images/I/41N+YP8+UXL._AC_UL260_SR200,260_.jpg","4,399 -5,226"
[Sponsored Products]Nike Men's Free Rn Motion Flyknit Running Shoes,"https://images-eu.ssl-images-amazon.com/images/I/41ZiK8N7ZBL._AC_UL260_SR200,260_.jpg","4,497-"
Adidas Men's Adispree M BI2969 Running Shoes,"https://images-eu.ssl-images-amazon.com/images/I/417ZBoiEBBL._AC_UL260_SR200,260_.jpg","3,533 -3,675"
adidas Men's Ace 17.4 Tr Football Boots,"https://images-eu.ssl-images-amazon.com/images/I/41CNbVJSGcL._AC_UL260_SR200,260_.jpg","2,249 -4,184"
adidas Men's Cosmic M  Running Shoes,"https://images-eu.ssl-images-amazon.com/images/I/51aSdPh6WHL._AC_UL260_SR200,260_.jpg","3,499 -6,999"
Adidas Men's Terrex Tivid Leather Multisport Training Shoes,"https://images-eu.ssl-images-amazon.com/images/I/4173Mfbx58L._AC_UL260_SR200,260_.jpg","4,751-"
Adidas Men's Vs Hoops  Sneakers,"https://images-eu.ssl-images-amazon.com/images/I/41dnLBFfWlL._AC_UL260_SR200,260_.jpg","4,599-"
Adidas Men's Remus M Running Shoes,"https://images-eu.ssl-images-amazon.com/images/I/51fpu8Zyx9L._AC_UL260_SR200,260_.jpg","2,279 -3,799"
adidas Men's Element Refine 3 M  Running Shoes,"https://images-eu.ssl-images-amazon.com/images/I/51MDVbfPy6L._AC_UL260_SR200,260_.jpg","2,384 -5,299"
Adidas Men's Yaris 10 M Running Shoes,"https://images-eu.ssl-images-amazon.com/images/I/51rlMQhMvFL._AC_UL260_SR200,260_.jpg","2,349 -4,699"
adidas Men's Xaphan Mesh Trekking and Hiking Shoes,"https://images-eu.ssl-images-amazon.com/images/I/41ebEVlztsL._AC_UL260_SR200,260_.jpg","4,199-"
adidas Men's Glissade Mid  Trekking and Hiking Boots,"https://images-eu.ssl-images-amazon.com/images/I/41UdtvNmbRL._AC_UL260_SR200,260_.jpg","3,266 -5,499"
Adidas Men's Adi Pacer Elite 2. 0 M Running Shoes,"https://images-eu.ssl-images-amazon.com/images/I/41J8W+tFM5L._AC_UL260_SR200,260_.jpg","3,599-"
adidas Men's Kray 2.0 M  Running Shoes,"https://images-eu.ssl-images-amazon.com/images/I/4168IGl2G4L._AC_UL260_SR200,260_.jpg","1,935 -5,244"
adidas Men's Erdiga M  Running Shoes,"https://images-eu.ssl-images-amazon.com/images/I/41aMpSXzsRL._AC_UL260_SR200,260_.jpg","1,999 -3,999"
adidas Men's Kray 1.0 M Running Shoes,"https://images-eu.ssl-images-amazon.com/images/I/41qFbYKCzOL._AC_UL260_SR200,260_.jpg","1,719 -4,200"
adidas Men's Adiphaser M  Running Shoes,"https://images-eu.ssl-images-amazon.com/images/I/41cePJMkg3L._AC_UL260_SR200,260_.jpg","2,622 -5,249"
adidas Men's Alcor Syn 1.0 M Running Shoes,"https://images-eu.ssl-images-amazon.com/images/I/31PQL9nnH6L._AC_UL260_SR200,260_.jpg","2,039 -3,699"
adidas Men's Storm Raiser 2 Trekking and Hiking Boots,"https://images-eu.ssl-images-amazon.com/images/I/41bnCwsozoL._AC_UL260_SR200,260_.jpg","2,819 -7,434"
adidas Men's Solonyx 1.0 M Running Shoes,"https://images-eu.ssl-images-amazon.com/images/I/41P-NNFs1VL._AC_UL260_SR200,260_.jpg","1,620 -4,199"
adidas Men's Element Refresh M Running Shoes,"https://images-eu.ssl-images-amazon.com/images/I/41-cK1xfzcL._AC_UL260_SR200,260_.jpg","3,465 -6,299"
Lamara Men's White Casual Sneaker Shoes,"https://images-eu.ssl-images-amazon.com/images/I/41mXhzpAo6L._AC_UL260_SR200,260_.jpg",399-
adidas Men's Altros M Running Shoes,"https://images-eu.ssl-images-amazon.com/images/I/41KrMpP-DvL._AC_UL260_SR200,260_.jpg","1,349 -3,679"
Adidas Men's Cloudfoam Ultimate  Running Shoes,"https://images-eu.ssl-images-amazon.com/images/I/41APRKvRTNL._AC_UL260_SR200,260_.jpg","7,999-"
adidas Men's Nebular M Running Shoes,"https://images-eu.ssl-images-amazon.com/images/I/41BweccqzLL._AC_UL260_SR200,260_.jpg","2,299 -2,759"
[Sponsored Products]Nike Men's Zoom All Out Low Running Shoes,"https://images-eu.ssl-images-amazon.com/images/I/41QH0syoeAL._AC_UL260_SR200,260_.jpg","4,497-"
Adidas Men's Vs Set Sneakers,"https://images-eu.ssl-images-amazon.com/images/I/4129-gcqb3L._AC_UL260_SR200,260_.jpg","3,599-"
adidas Men's Hachi 1.0 M Mesh Running Shoes,"https://images-eu.ssl-images-amazon.com/images/I/41AXOsh-HLL._AC_UL260_SR200,260_.jpg","2,024 -4,499"
adidas Men's Adistark M Running Shoes,"https://images-eu.ssl-images-amazon.com/images/I/41ouyTVcs8L._AC_UL260_SR200,260_.jpg","2,149 -4,299"
Adidas Men's Toril 1.0 M Running Shoes,"https://images-eu.ssl-images-amazon.com/images/I/41fgcf7nQyL._AC_UL260_SR200,260_.jpg","4,288 -4,599"
adidas neo Men's Cloudfoam Saturn Sneakers,"https://images-eu.ssl-images-amazon.com/images/I/41HRVFBr-VL._AC_UL260_SR200,260_.jpg","2,699 -3,299"
Adidas Men's Zeta 1.0 M Running Shoes,"https://images-eu.ssl-images-amazon.com/images/I/51k66LBCSxL._AC_UL260_SR200,260_.jpg","5,850 -5,999"
adidas Men's Adisonic M Sneakers,"https://images-eu.ssl-images-amazon.com/images/I/418HuGJoWCL._AC_UL260_SR200,260_.jpg","2,255 -3,499"
adidas Men's Adistark 1.0  Running Shoes,"https://images-eu.ssl-images-amazon.com/images/I/51QlGdygt+L._AC_UL260_SR200,260_.jpg","1,979 -3,999"
[Sponsored Products]Nike Men's Air Zoom Flyware Running Shoes,"https://images-eu.ssl-images-amazon.com/images/I/518BF-urQvL._AC_UL260_SR200,260_.jpg","4,497-"
adidas neo Men's Caflaire Leather Sneakers,"https://images-eu.ssl-images-amazon.com/images/I/41Xwl36qohL._AC_UL260_SR200,260_.jpg","2,499 -4,999"
Adidas Men's Erdiga 10 Running Shoes,"https://images-eu.ssl-images-amazon.com/images/I/51o4OottncL._AC_UL260_SR200,260_.jpg","2,199 -3,999"
Adidas Men's Cloudfoam Ultimate  Running Shoes,"https://images-eu.ssl-images-amazon.com/images/I/51feE1OVJpL._AC_UL260_SR200,260_.jpg","7,999-"
Adidas Outdoor Men's Climacool Jawpaw Slip-on Water Shoe,"https://images-eu.ssl-images-amazon.com/images/I/417CQJkA4SL._AC_UL260_SR200,260_.jpg","2,700.68 -4,090.91"
Adidas Men's Adispree 2.0 M Running Shoes,"https://images-eu.ssl-images-amazon.com/images/I/51HQwI36ZyL._AC_UL260_SR200,260_.jpg","3,350 -3,799"
"adidas Men's Ezar 3.0 M Silvmt, Visgre, Ftwwht and Scar Running Shoes","https://images-eu.ssl-images-amazon.com/images/I/41iPrQ7oowL._AC_UL260_SR200,260_.jpg","2,149-"
adidas Men's Adispree M Running Shoes,"https://images-eu.ssl-images-amazon.com/images/I/41i4uuWkCOL._AC_UL260_SR200,260_.jpg","1,859 -3,299"
Adidas Men's Howzatt Ind Cricket Shoes,"https://images-eu.ssl-images-amazon.com/images/I/41mv-Y+itIL._AC_UL260_SR200,260_.jpg","3,799-"
adidas Men's Galaxy 3.1 M  Running Shoes,"https://images-eu.ssl-images-amazon.com/images/I/51EpDfi+jWL._AC_UL260_SR200,260_.jpg","2,999 -5,949"
adidas Men's Fluidcloud M  Running Shoes,"https://images-eu.ssl-images-amazon.com/images/I/411v+XgdvoL._AC_UL260_SR200,260_.jpg","4,124 -4,125"
Adidas Men's Net Setters Indoor Tennis Shoes,"https://images-eu.ssl-images-amazon.com/images/I/41aC9WA-hQL._AC_UL260_SR200,260_.jpg","4,139 -4,599"
adidas Men's Energy Cloud Wtc M  Running Shoes,"https://images-eu.ssl-images-amazon.com/images/I/41aox7Au4wL._AC_UL260_SR200,260_.jpg","4,199 -6,999"
adidas Originals Unisex Superstar Leather Sneakers,"https://images-eu.ssl-images-amazon.com/images/I/51PBUZai2NL._AC_UL260_SR200,260_.jpg","2,900-"
Adidas Men's Kylen M Running Shoes,"https://images-eu.ssl-images-amazon.com/images/I/518v+fadEzL._AC_UL260_SR200,260_.jpg","2,529 -4,599"
Adidas Men's Raden M Running Shoes,"https://images-eu.ssl-images-amazon.com/images/I/51mEY1Ls+1L._AC_UL260_SR200,260_.jpg","2,364 -4,299"
Adidas Men's Yking 1.0 M Running Shoes,"https://images-eu.ssl-images-amazon.com/images/I/41raZN-X8sL._AC_UL260_SR200,260_.jpg","2,999-"
